1,9,8.30798e-05
1,16,0.000106357
1,22,0.00985319
1,29,0.000212553
1,30,3.59367e-05
1,32,8.27624e-05
1,34,0.00987483
1,35,0.000702963
1,40,8.07691e-05
1,46,0.00986585
1,48,0.000719013
1,61,0.000212142
1,62,4.62505e-05
1,90,0.000136888
1,94,7.40574e-05
1,95,0.229649
1,98,0.000712276
2,3,0.23048
2,4,0.00992177
2,5,7.63891e-05
2,6,0.000115814
2,10,3.93683e-05
2,13,7.62243e-05
2,14,0.000717883
2,18,0.00024129
2,28,0.00992177
2,31,0.000115814
2,33,0.000241722
2,37,8.89068e-05
2,41,0.00024215
2,42,3.55954e-05
2,44,0.000701223
2,51,7.63893e-05
2,58,0.000241722
2,60,3.93683e-05
2,64,8.848e-05
2,68,8.89068e-05
2,69,0.0099352
2,71,0.0099352
2,73,8.84799e-05
2,74,7.62243e-05
2,81,0.000701223
2,91,0.000717883
3,7,0.00985319
3,9,0.000106357
3,15,8.07691e-05
3,16,8.30798e-05
3,17,0.229649
3,24,4.62505e-05
3,29,0.000212553
3,32,0.00987483
3,34,8.27624e-05
3,35,0.000702963
3,39,0.000712276
3,46,7.40575e-05
3,48,0.000719013
3,55,0.000136888
3,63,0.000212142
3,76,3.59367e-05
3,94,0.00986585
4,8,0.00992615
4,9,0.000114929
4,12,0.000241931
4,14,3.91059e-05
4,15,8.91743e-05
4,16,8.90337e-05
4,20,0.000242521
4,27,8.91875e-05
4,30,0.000242356
4,31,8.91099e-05
4,36,0.00992274
4,37,8.89921e-05
4,42,0.000718046
4,47,0.230478
4,49,8.89728e-05
4,52,0.00992277
4,53,8.90048e-05
4,55,0.000122934
4,57,8.91368e-05
4,60,0.000718533
4,61,3.83479e-05
4,63,3.56548e-05
4,67,0.000718184
4,68,0.000115469
4,70,0.000241759
4,77,3.56697e-05
4,88,3.57058e-05
4,89,4.24425e-05
4,91,3.57272e-05
4,96,0.0099221
4,99,0.000112831
4,100,0.000720139
5,2,0.000189867
5,19,0.000711
5,38,4.22866e-05
5,43,7.64872e-05
5,50,0.00982457
5,62,0.000124895
5,72,0.00982434
5,75,0.228854
5,80,0.000124891
5,87,0.00071103
5,90,4.22857e-05
5,97,7.64878e-05
6,7,0.00985425
6,8,8.31082e-05
6,15,0.00987465
6,16,8.31211e-05
6,17,0.00071231
6,24,0.000712169
6,27,8.07843e-05
6,30,0.000719071
6,32,8.08279e-05
6,35,4.65607e-05
6,36,0.000106287
6,39,0.229648
6,45,0.000136276
6,55,0.00985364
6,63,0.000212436
6,70,3.5881e-05
6,78,4.53856e-05
6,94,0.00013401
6,100,0.000212307
7,12,8.87526e-05
7,20,8.8787e-05
7,25,7.69712e-05
7,26,0.000187752
7,27,3.53884e-05
7,31,0.000240014
7,33,0.000116861
7,36,3.91567e-05
7,37,3.53793e-05
7,47,0.00011528
7,52,0.000718658
7,54,7.67856e-05
7,57,0.000240601
7,59,0.000187858
7,60,0.00992468
7,66,0.000718499
7,71,3.97725e-05
7,73,0.000716503
7,78,0.000124319
7,79,0.00992112
7,88,8.86313e-05
7,89,0.00977468
7,91,8.84296e-05
7,92,0.00991726
7,99,0.230477
8,7,0.000701292
8,8,0.00071796
8,9,0.000242078
8,15,0.000241898
8,16,0.230479
8,17,7.6357e-05
8,20,0.000115593
8,29,8.86903e-05
8,30,0.00992198
8,32,0.000242435
8,34,0.000720015
8,36,0.000241479
8,39,7.63813e-05
8,40,3.56136e-05
8,47,8.89258e-05
8,48,0.00992597
8,53,0.000718008
8,57,3.91839e-05
8,61,8.91308e-05
8,63,0.00993523
8,67,0.00992169
8,70,8.89439e-05
8,76,8.89767e-05
8,77,0.000115707
8,85,3.92987e-05
8,95,0.000123188
8,96,3.56157e-05
8,100,8.84887e-05
9,3,8.27415e-05
9,13,0.22965
9,25,0.000136248
9,26,4.6051e-05
9,33,8.06866e-05
9,41,0.00987138
9,44,7.39537e-05
9,51,0.000712814
9,58,0.000107358
9,64,3.64378e-05
9,65,0.00975481
9,69,0.000717626
9,71,0.000211189
9,74,0.000173197
9,81,0.00985783
10,1,0.00992211
10,2,3.56236e-05
10,6,0.000242247
10,10,0.00992636
10,11,8.91725e-05
10,14,8.89923e-05
10,16,3.9113e-05
10,18,0.000115479
10,21,8.91667e-05
10,23,0.000242266
10,28,3.91143e-05
10,40,3.56347e-05
10,42,8.8968e-05
10,43,8.91827e-05
10,49,0.000241665
10,53,0.000717988
10,62,0.000122985
10,64,3.56325e-05
10,67,0.000115482
10,68,0.000718042
10,70,8.89648e-05
10,76,8.89955e-05
10,77,0.00992122
10,80,0.000122987
10,82,0.000242829
10,84,0.000720153
10,85,0.230478
10,86,0.00992614
10,93,0.000720122
10,96,3.56427e-05
10,97,8.91818e-05
11,1,3.53551e-05
11,2,0.00993027
11,6,8.84138e-05
11,10,0.00023986
11,19,0.00977411
11,21,0.000716486
11,23,0.000115382
11,38,7.69909e-05
11,43,0.230477
11,50,0.000700217
11,58,3.99506e-05
11,64,0.000117069
11,72,0.000187663
11,75,7.49822e-05
11,76,3.92214e-05
11,80,0.000187712
11,82,0.00992459
11,84,0.00991691
11,85,8.87183e-05
11,86,0.000718584
11,87,7.636e-05
11,93,8.8309e-05
11,97,0.000240303
12,1,0.000106292
12,5,0.000712169
12,6,0.000719102
12,10,8.31212e-05
12,14,8.31083e-05
12,19,0.00071231
12,21,0.00987488
12,38,0.229648
12,43,8.08275e-05
12,44,0.000136276
12,49,3.58796e-05
12,58,8.07838e-05
12,64,0.000212306
12,72,0.00013401
12,74,4.53855e-05
12,75,4.65607e-05
12,80,0.00985425
12,83,0.00985364
12,84,0.000212434
13,7,4.62516e-05
13,20,8.30775e-05
13,24,0.0098534
13,27,0.000212134
13,31,3.59366e-05
13,39,0.000136886
13,45,0.229649
13,54,7.40585e-05
13,55,0.000712228
13,56,0.000702991
13,57,0.000719013
13,60,0.000106357
13,66,0.000212553
13,78,0.00986608
13,79,8.27619e-05
13,88,0.00987483
13,100,8.07699e-05
14,7,0.000712788
14,17,0.0098576
14,29,0.00987115
14,32,0.000211192
14,34,0.000717595
14,35,0.00975459
14,39,0.000136252
14,40,3.64393e-05
14,46,0.0001732
14,48,8.27418e-05
14,55,4.60516e-05
14,61,0.000107354
14,63,8.0688e-05
14,94,0.22965
14,95,7.39526e-05
15,1,3.53808e-05
15,3,0.000240597
15,4,0.00992467
15,5,0.00977468
15,6,8.84312e-05
15,12,3.9157e-05
15,13,0.000124321
15,14,0.000240028
15,18,0.000718658
15,21,0.00071645
15,28,8.87853e-05
15,33,3.53877e-05
15,37,0.000115281
15,38,7.69703e-05
15,41,0.000718529
15,43,3.97715e-05
15,44,0.000187855
15,58,0.230477
15,64,0.00991636
15,68,8.87576e-05
15,69,0.00992134
15,71,8.86307e-05
15,74,7.67861e-05
15,83,0.000187762
15,84,0.000116866
16,2,0.000212553
16,6,3.59366e-05
16,10,0.000106357
16,11,8.07697e-05
16,22,4.62516e-05
16,43,8.27619e-05
16,50,0.00986608
16,62,0.0098534
16,72,7.40586e-05
16,75,0.000702991
16,82,0.000719013
16,86,8.30775e-05
16,87,0.229649
16,90,0.000712228
16,93,0.000212134
16,97,0.00987483
16,98,0.000136886
17,7,0.000187805
17,8,0.000240111
17,9,3.54694e-05
17,15,0.230477
17,16,0.000240268
17,17,7.69346e-05
17,20,8.84729e-05
17,24,7.69562e-05
17,27,0.000716568
17,29,0.0001142
17,30,0.00992441
17,32,0.000716999
17,36,0.000718632
17,39,0.00977463
17,46,4.29724e-05
17,47,8.87634e-05
17,48,8.85706e-05
17,49,3.91514e-05
17,52,3.54132e-05
17,55,0.000187777
17,63,0.00991866
17,66,3.90054e-05
17,67,8.8779e-05
17,70,0.000115279
17,88,0.000116322
17,100,0.00991779
18,1,0.00992187
18,3,0.000115047
18,4,0.000718039
18,6,0.230479
18,10,0.0099235
18,14,0.00992258
18,18,8.8968e-05
18,21,0.00993554
18,23,3.57058e-05
18,36,3.92934e-05
18,37,3.56503e-05
18,38,0.000701341
18,42,8.89552e-05
18,43,8.86185e-05
18,49,0.000717964
18,58,8.85246e-05
18,64,0.000241987
18,68,0.00024157
18,70,0.000115695
18,71,3.84249e-05
18,77,8.89706e-05
18,80,7.63717e-05
18,82,0.000718487
18,83,7.63765e-05
18,84,0.000242122
18,85,0.000241731
18,86,8.90699e-05
18,87,4.2526e-05
18,97,0.000112971
19,9,0.00992444
19,11,0.000716503
19,16,8.87891e-05
19,22,0.00977446
19,23,8.84302e-05
19,29,0.000718499
19,32,8.86317e-05
19,34,0.00992111
19,36,0.000115285
19,40,0.00991726
19,46,7.67857e-05
19,47,3.91575e-05
19,48,0.000240602
19,53,8.87548e-05
19,61,0.230477
19,63,3.53902e-05
19,67,0.000718631
19,76,0.000240015
19,77,3.53811e-05
19,90,7.69712e-05
19,93,0.000116862
19,94,0.000124319
19,95,0.00018786
19,97,3.97727e-05
19,98,0.000187754
20,3,8.85696e-05
20,4,3.54674e-05
20,12,8.87621e-05
20,18,8.8782e-05
20,25,0.00977486
20,26,0.000187776
20,28,0.000240283
20,31,0.000240115
20,33,0.00991777
20,37,0.000718659
20,41,0.000114198
20,42,0.000115275
20,49,3.91509e-05
20,51,0.000187812
20,52,3.54082e-05
20,60,8.84692e-05
20,66,3.90057e-05
20,71,0.000716958
20,73,0.230476
20,74,4.2972e-05
20,79,0.000116322
20,81,7.69336e-05
20,89,7.69576e-05
20,91,0.00992464
20,92,0.00991781
20,99,0.000716629
21,3,0.000115047
21,8,3.57058e-05
21,12,0.00992187
21,18,8.8968e-05
21,20,8.90699e-05
21,25,7.63765e-05
21,26,0.000701341
21,28,0.000718039
21,31,0.230479
21,33,8.85246e-05
21,37,0.00024157
21,42,8.89551e-05
21,45,4.2526e-05
21,47,8.89706e-05
21,52,0.000241731
21,53,3.92934e-05
21,57,0.000718487
21,60,0.0099235
21,68,3.56503e-05
21,69,3.84248e-05
21,70,0.000115695
21,73,0.000241987
21,79,8.86185e-05
21,88,0.000112971
21,89,7.63716e-05
21,91,0.00992258
21,92,0.00993553
21,96,0.000717964
21,99,0.000242122
22,1,0.000241469
22,2,8.86897e-05
22,3,3.91837e-05
22,4,0.000115593
22,6,0.00992199
22,10,0.230479
22,11,3.56161e-05
22,14,0.00071796
22,19,7.63575e-05
22,21,0.000241897
22,23,8.89791e-05
22,38,7.63818e-05
22,42,3.56183e-05
22,43,0.000242434
22,49,8.89463e-05
22,53,0.000115704
22,64,8.84881e-05
22,67,3.93005e-05
22,68,8.8923e-05
22,77,0.000717961
22,80,0.00070132
22,82,0.00992597
22,84,0.00993547
22,85,0.00992189
22,86,0.000242068
22,87,0.000123187
22,93,8.91281e-05
22,97,0.000720015
23,8,0.230479
23,12,8.89734e-05
23,15,0.000241992
23,16,0.0007181
23,20,0.00992261
23,24,7.63721e-05
23,27,0.000242139
23,30,0.00992259
23,31,3.57032e-05
23,34,3.84255e-05
23,36,0.000241585
23,39,7.63762e-05
23,42,0.0001157
23,47,0.00992167
23,48,0.000115048
23,52,0.000241756
23,53,3.56446e-05
23,55,0.000701313
23,57,0.000718446
23,59,4.25258e-05
23,60,8.90722e-05
23,63,8.85219e-05
23,67,8.89674e-05
23,68,3.9292e-05
23,70,8.89537e-05
23,79,0.00011297
23,88,8.86187e-05
23,96,0.000718011
23,100,0.0099353
24,1,8.89734e-05
24,6,3.57032e-05
24,9,0.0007181
24,10,8.90723e-05
24,11,0.0099353
24,19,4.25258e-05
24,23,0.230479
24,32,3.84254e-05
24,36,3.56446e-05
24,37,3.9292e-05
24,40,0.000241992
24,42,0.0001157
24,43,0.00011297
24,48,0.000115048
24,49,0.000718011
24,53,0.000241585
24,61,8.85219e-05
24,62,7.63721e-05
24,67,8.89673e-05
24,70,8.89536e-05
24,76,0.00992259
24,77,0.00992167
24,82,0.000718446
24,85,0.000241756
24,86,0.00992261
24,90,0.000701313
24,93,0.000242139
24,97,8.86186e-05
24,98,7.63762e-05
25,3,0.000719044
25,4,0.000106361
25,13,0.00986608
25,14,3.59352e-05
25,25,0.000712228
25,26,0.000136886
25,28,8.30776e-05
25,33,0.000212133
25,41,0.000212551
25,51,0.0098534
25,65,0.000702991
25,69,8.2762e-05
25,71,0.00987506
25,73,8.07693e-05
25,74,7.40589e-05
25,81,0.229649
25,89,4.62516e-05
26,1,8.87526e-05
26,2,0.000718499
26,6,0.000240014
26,10,0.00992468
26,14,8.84296e-05
26,19,0.000187858
26,21,0.00991726
26,38,0.000187752
26,43,0.00992112
26,50,0.000124319
26,53,3.91567e-05
26,58,0.000116861
26,64,0.000716503
26,68,3.53793e-05
26,69,3.97725e-05
26,72,7.67856e-05
26,77,0.00011528
26,80,0.00977468
26,82,0.000240601
26,83,7.69713e-05
26,84,0.230477
26,85,0.000718658
26,86,8.87868e-05
26,93,3.53884e-05
26,97,8.86313e-05
27,24,0.000124895
27,26,4.22866e-05
27,45,0.00071103
27,54,0.00982434
27,55,4.22857e-05
27,56,0.228854
27,59,0.000711
27,66,0.000189867
27,78,0.00982457
27,79,7.6487e-05
27,88,7.64879e-05
27,89,0.000124891
28,1,0.000242038
28,3,3.58092e-05
28,4,8.91368e-05
28,6,8.91189e-05
28,8,0.000114916
28,10,3.57539e-05
28,11,3.83352e-05
28,12,0.000242038
28,14,0.00071854
28,18,0.000242208
28,23,0.000114916
28,25,4.24235e-05
28,28,8.91368e-05
28,31,8.91189e-05
28,36,8.90144e-05
28,37,0.00992277
28,42,0.230478
28,47,0.000718189
28,49,0.00992273
28,52,8.90332e-05
28,53,8.90146e-05
28,60,3.57539e-05
28,64,0.000112806
28,67,3.56978e-05
28,68,0.00992277
28,70,0.000241867
28,73,0.000112806
28,77,0.000718189
28,83,4.24235e-05
28,85,8.90333e-05
28,91,0.00071854
28,96,0.00992273
28,100,3.83352e-05
29,1,0.000718659
29,2,0.000114199
29,4,8.84724e-05
29,5,7.69563e-05
29,6,0.00992464
29,10,0.000240267
29,14,0.00024011
29,18,3.54114e-05
29,19,7.69346e-05
29,21,0.230477
29,38,0.00977486
29,41,3.90052e-05
29,43,0.000716999
29,49,0.000115274
29,50,4.29723e-05
29,58,0.000716568
29,64,0.0099178
29,68,8.87612e-05
29,69,0.000116322
29,70,3.91505e-05
29,80,0.000187802
29,82,8.85701e-05
29,83,0.000187774
29,84,0.00991867
29,85,8.87768e-05
29,86,3.54676e-05
30,7,7.63893e-05
30,8,0.000115818
30,9,0.00992157
30,15,8.84782e-05
30,16,0.00992157
30,17,0.000701195
30,20,3.93667e-05
30,22,7.63893e-05
30,23,0.000115818
30,29,0.000242152
30,30,0.00071793
30,32,0.00993497
30,34,0.00993497
30,36,8.8907e-05
30,40,8.84781e-05
30,46,7.62237e-05
30,48,0.230479
30,53,8.89072e-05
30,61,0.000241733
30,63,0.000241733
30,67,0.00024131
30,70,3.55903e-05
30,76,0.00071793
30,86,3.93667e-05
30,94,7.62237e-05
30,95,0.000701195
31,7,0.229648
31,15,0.000212237
31,16,0.000719074
31,17,0.00985618
31,24,0.000136735
31,29,8.07924e-05
31,30,8.31015e-05
31,32,0.000212723
31,35,0.000137104
31,39,0.00985326
31,45,4.61193e-05
31,48,8.31308e-05
31,53,3.58849e-05
31,55,0.000712222
31,63,0.00987473
31,67,0.000106287
31,94,0.000712842
31,100,8.0768e-05
32,1,8.89939e-05
32,3,8.91352e-05
32,4,0.000718533
32,5,4.24426e-05
32,6,3.57287e-05
32,12,0.00992273
32,14,8.91151e-05
32,18,0.00992276
32,20,0.000114929
32,23,3.91048e-05
32,25,0.000122936
32,27,3.83481e-05
32,28,0.000242517
32,31,0.000242351
32,33,8.9187e-05
32,36,3.56713e-05
32,37,0.230478
32,42,0.0099212
32,47,8.90099e-05
32,49,0.000717992
32,52,0.000718184
32,58,0.000112832
32,60,8.90321e-05
32,68,0.000241945
32,70,8.89745e-05
32,71,3.5705e-05
32,73,0.000720169
32,77,0.000115473
32,91,0.00992637
32,92,8.91736e-05
32,96,0.000241773
32,99,3.56541e-05
33,3,8.27415e-05
33,5,0.000712814
33,13,0.000173197
33,33,0.000107358
33,38,4.6051e-05
33,41,0.00987138
33,44,0.00985783
33,58,8.06866e-05
33,65,0.00975481
33,69,0.000211189
33,71,0.000717626
33,73,3.64378e-05
33,74,0.22965
33,81,7.39535e-05
33,83,0.000136248
34,1,0.00992273
34,3,8.91352e-05
34,4,0.000242517
34,6,0.000242351
34,8,3.91048e-05
34,10,8.90321e-05
34,12,8.89939e-05
34,14,0.00992637
34,18,0.00992276
34,21,8.91736e-05
34,28,0.000718533
34,31,3.57287e-05
34,33,0.000112832
34,37,0.000241945
34,42,0.0099212
34,47,0.000115473
34,49,0.000241773
34,51,4.24426e-05
34,53,3.56713e-05
34,58,8.91869e-05
34,64,0.000720169
34,68,0.230478
34,69,3.5705e-05
34,70,8.89745e-05
34,77,8.90099e-05
34,83,0.000122936
34,84,3.56541e-05
34,85,0.000718184
34,86,0.000114929
34,91,8.9115e-05
34,93,3.83481e-05
34,96,0.000717992
35,1,0.000717988
35,3,0.000242824
35,4,0.00992636
35,5,0.000122987
35,6,8.8994e-05
35,12,0.000717988
35,14,0.000242261
35,18,0.230478
35,20,3.91133e-05
35,21,3.5634e-05
35,28,0.00992636
35,31,8.8994e-05
35,33,0.000720153
35,37,0.00992121
35,41,3.56229e-05
35,42,0.00024168
35,49,8.89698e-05
35,51,0.000122987
35,52,0.000115483
35,58,0.000720153
35,64,8.91721e-05
35,68,0.00992121
35,69,8.91811e-05
35,70,3.56442e-05
35,71,8.91812e-05
35,73,8.91719e-05
35,85,0.000115483
35,86,3.91133e-05
35,91,0.000242261
35,92,3.5634e-05
35,96,8.89698e-05
36,7,0.000124891
36,17,0.000711001
36,22,0.000124891
36,29,0.000189868
36,32,7.64874e-05
36,34,7.64873e-05
36,35,0.228854
36,39,4.22866e-05
36,46,0.00982434
36,94,0.00982434
36,95,0.000711001
36,98,4.22866e-05
37,9,0.000719074
37,11,8.07679e-05
37,22,0.229648
37,29,8.07926e-05
37,34,0.000212723
37,35,0.000137104
37,36,3.58849e-05
37,40,0.000212237
37,46,0.000712842
37,48,8.31308e-05
37,61,0.00987473
37,62,0.000136735
37,67,0.000106287
37,76,8.31016e-05
37,87,4.61193e-05
37,90,0.000712222
37,95,0.00985618
37,98,0.00985326
38,1,3.9157e-05
38,3,0.000240597
38,4,8.87853e-05
38,12,3.53808e-05
38,13,7.67861e-05
38,18,0.000718658
38,25,0.000187762
38,26,7.69703e-05
38,28,0.00992467
38,31,8.84312e-05
38,33,0.230477
38,37,8.87574e-05
38,41,0.000718529
38,51,0.00977468
38,58,3.53877e-05
38,68,0.000115281
38,69,8.86307e-05
38,71,0.00992134
38,73,0.00991636
38,74,0.000124321
38,79,3.97715e-05
38,81,0.000187855
38,91,0.000240028
38,92,0.00071645
38,99,0.000116866
39,7,0.000187715
39,9,0.000718557
39,15,0.000716486
39,16,0.00023986
39,17,0.00977389
39,23,3.92223e-05
39,27,3.99508e-05
39,29,0.00993027
39,30,8.84144e-05
39,32,0.230477
39,34,0.000240303
39,35,7.49818e-05
39,36,3.53569e-05
39,39,7.69909e-05
39,46,0.000700218
39,48,0.00992435
39,61,8.83114e-05
39,63,0.00991691
39,67,8.87205e-05
39,76,0.000115388
39,94,0.000187665
39,95,7.636e-05
39,100,0.00011707
40,1,8.89044e-05
40,2,0.000242151
40,4,3.93665e-05
40,6,0.00071793
40,9,3.93685e-05
40,10,0.00992157
40,11,8.84805e-05
40,14,0.000115817
40,19,0.000701223
40,21,8.84775e-05
40,23,0.000717883
40,43,0.0099352
40,49,3.55929e-05
40,50,7.62237e-05
40,62,7.63886e-05
40,72,7.62243e-05
40,76,0.000115815
40,77,8.89096e-05
40,80,7.63898e-05
40,82,0.23048
40,84,0.000241731
40,85,0.0002413
40,86,0.00992177
40,87,0.000701194
40,93,0.000241723
40,97,0.00993497
41,1,3.92916e-05
41,7,7.63712e-05
41,8,0.00992258
41,9,8.90727e-05
41,12,3.56478e-05
41,15,0.0099353
41,16,0.0099235
41,20,0.000718039
41,27,8.85253e-05
41,30,0.230479
41,32,8.86191e-05
41,34,0.000112971
41,36,0.00992167
41,39,0.000701312
41,47,0.00024158
41,48,0.000718487
41,49,0.000115699
41,52,8.89708e-05
41,53,8.89681e-05
41,55,7.63757e-05
41,57,0.000115048
41,63,0.000242123
41,67,0.000241741
41,70,0.000718011
41,76,3.57033e-05
41,79,3.8425e-05
41,95,4.25261e-05
41,96,8.89525e-05
41,100,0.000241988
42,1,0.000718128
42,6,0.000114914
42,8,8.91184e-05
42,9,8.91319e-05
42,12,0.000718128
42,15,0.000112806
42,16,8.91319e-05
42,18,3.57041e-05
42,20,3.57572e-05
42,21,3.83345e-05
42,23,8.91184e-05
42,30,0.000718581
42,31,0.000114914
42,36,0.00992366
42,37,8.90169e-05
42,39,4.24237e-05
42,40,0.000112806
42,42,0.000241858
42,47,0.000242018
42,48,3.58095e-05
42,49,0.00992272
42,52,8.90314e-05
42,53,0.00992366
42,67,0.000242176
42,68,8.90168e-05
42,70,0.230478
42,76,0.000718581
42,77,0.000242018
42,85,8.90314e-05
42,86,3.57572e-05
42,92,3.83345e-05
42,96,0.00992272
42,98,4.24237e-05
43,2,0.230476
43,10,8.82453e-05
43,11,0.000116601
43,19,0.000187318
43,21,0.000116605
43,40,3.97936e-05
43,43,0.0099198
43,50,0.00977036
43,62,7.69805e-05
43,64,3.97942e-05
43,72,0.00977059
43,75,0.000168485
43,80,7.69799e-05
43,82,0.000238479
43,84,0.000717129
43,85,3.51323e-05
43,86,8.82437e-05
43,87,0.000187319
43,93,0.000717155
43,97,0.00992003
44,15,3.97936e-05
44,20,8.82437e-05
44,24,7.69806e-05
44,27,0.000717155
44,45,0.000187319
44,52,3.51323e-05
44,54,0.00977059
44,56,0.000168485
44,57,0.000238479
44,59,0.000187318
44,60,8.82453e-05
44,66,0.230476
44,73,3.97942e-05
44,78,0.00977036
44,79,0.0099198
44,88,0.00992003
44,89,7.69801e-05
44,92,0.000116605
44,99,0.000717129
44,100,0.000116601
45,3,0.000719044
45,4,8.30776e-05
45,5,0.0098534
45,13,7.40587e-05
45,28,0.000106361
45,38,0.000136886
45,41,0.000212551
45,44,0.229649
45,58,0.000212133
45,64,8.07694e-05
45,65,0.000702991
45,69,0.00987506
45,71,8.2762e-05
45,74,0.00986608
45,80,4.62516e-05
45,83,0.000712228
45,91,3.59352e-05
46,2,0.00987138
46,11,3.64379e-05
46,19,0.0098576
46,38,0.000136252
46,43,0.00021119
46,50,0.000173199
46,72,0.22965
46,75,0.00975459
46,80,0.000712788
46,82,8.2742e-05
46,83,4.60516e-05
46,84,8.06876e-05
46,87,7.39536e-05
46,93,0.000107359
46,97,0.000717626
47,7,0.000122984
47,8,8.89938e-05
47,9,0.00992614
47,10,3.91141e-05
47,11,3.56332e-05
47,15,8.91674e-05
47,16,0.00992614
47,22,0.000122984
47,23,8.89939e-05
47,29,3.56243e-05
47,30,0.000242251
47,32,8.91834e-05
47,34,8.91833e-05
47,36,0.00992212
47,40,8.91674e-05
47,42,3.56412e-05
47,47,0.000718042
47,48,0.000242833
47,49,8.8963e-05
47,52,0.000115478
47,53,0.00992212
47,60,3.91141e-05
47,61,0.000720122
47,63,0.000720122
47,67,0.230478
47,70,0.000241651
47,76,0.000242251
47,77,0.000718042
47,85,0.000115478
47,96,8.8963e-05
47,100,3.56332e-05
48,3,0.000718446
48,4,8.90695e-05
48,12,0.000241575
48,14,3.57057e-05
48,18,0.000241746
48,25,0.000701342
48,26,7.63768e-05
48,28,0.00992261
48,31,0.00992259
48,33,0.000242138
48,37,0.00992187
48,42,0.000717964
48,44,4.25257e-05
48,47,3.56471e-05
48,49,0.000115697
48,51,7.63727e-05
48,52,8.89647e-05
48,57,0.000115048
48,60,0.0007181
48,68,8.8976e-05
48,69,0.00011297
48,71,8.8618e-05
48,73,0.00993553
48,77,3.92937e-05
48,88,3.84253e-05
48,91,0.230479
48,92,0.000241991
48,96,8.89562e-05
48,99,8.85213e-05
49,1,3.58851e-05
49,2,8.07924e-05
49,11,0.000212248
49,22,0.000136738
49,23,8.31058e-05
49,40,8.07684e-05
49,50,0.00071287
49,62,0.229648
49,75,0.000137106
49,82,8.31295e-05
49,85,0.000106288
49,86,0.000719074
49,87,0.0098564
49,90,0.00985236
49,93,0.00987473
49,95,4.61181e-05
49,97,0.000212719
49,98,0.000712172
50,1,0.000241931
50,6,8.91099e-05
50,9,8.90337e-05
50,10,0.000718533
50,11,0.000720139
50,14,3.57272e-05
50,16,0.000114929
50,23,0.00992615
50,36,8.90048e-05
50,37,0.000115469
50,40,8.91742e-05
50,42,0.000718045
50,47,3.56697e-05
50,49,0.0099221
50,53,0.00992274
50,61,3.56548e-05
50,63,3.83479e-05
50,67,0.000718184
50,68,8.89921e-05
50,70,0.000241759
50,76,0.000242356
50,77,0.230478
50,80,4.24425e-05
50,82,8.91367e-05
50,84,0.000112831
50,85,0.00992277
50,86,0.000242521
50,90,0.000122934
50,91,3.91059e-05
50,93,8.91875e-05
50,96,8.89728e-05
50,97,3.57058e-05
51,7,0.00977446
51,8,8.84302e-05
51,9,8.87891e-05
51,15,0.00991726
51,16,0.00992444
51,17,0.00018786
51,27,0.000116862
51,29,0.000718499
51,30,0.000240015
51,32,0.00992111
51,34,8.86318e-05
51,36,8.87548e-05
51,39,0.000187754
51,46,0.000124319
51,47,3.53811e-05
51,48,0.000240602
51,53,0.000115285
51,55,7.69712e-05
51,61,3.53902e-05
51,63,0.230477
51,67,0.000718631
51,77,3.91575e-05
51,88,3.97727e-05
51,94,7.67857e-05
51,100,0.000716503
52,1,0.000115286
52,2,0.000718529
52,10,8.87875e-05
52,11,0.00991636
52,23,0.000240029
52,34,3.97716e-05
52,40,0.00071645
52,43,8.86313e-05
52,50,7.67862e-05
52,53,3.53826e-05
52,61,0.000116867
52,62,0.00977446
52,68,3.91578e-05
52,72,0.000124322
52,76,8.84319e-05
52,77,8.87598e-05
52,82,0.000240598
52,84,3.53895e-05
52,85,0.000718631
52,86,0.00992444
52,87,0.000187857
52,90,0.000187764
52,93,0.230477
52,97,0.00992133
52,98,7.69703e-05
53,4,8.31256e-05
53,5,0.00985336
53,6,8.31091e-05
53,14,0.000719102
53,19,0.000136276
53,21,0.000212309
53,38,0.00985365
53,42,3.58799e-05
53,44,0.000712273
53,58,0.000212446
53,64,0.00987488
53,65,4.65601e-05
53,68,0.000106293
53,69,8.08268e-05
53,72,4.53863e-05
53,74,0.000134009
53,80,0.000712228
53,83,0.229648
53,84,8.07827e-05
54,8,0.00992109
54,12,0.000718009
54,15,8.84904e-05
54,16,0.000115598
54,18,3.9299e-05
54,20,0.230479
54,24,0.000701292
54,27,0.00993523
54,30,0.000717906
54,31,8.89751e-05
54,36,8.89275e-05
54,37,0.000115708
54,45,7.63566e-05
54,47,0.000241493
54,48,3.91828e-05
54,52,0.00992168
54,55,7.63823e-05
54,57,0.00992619
54,59,0.00012319
54,60,0.000242073
54,66,8.86897e-05
54,70,3.56173e-05
54,79,0.000720046
54,88,0.00024243
54,92,3.56128e-05
54,96,8.89489e-05
54,99,8.913e-05
54,100,0.000241912
55,8,0.000115382
55,12,3.53551e-05
55,20,0.000718584
55,26,7.69909e-05
55,27,8.83091e-05
55,30,3.92214e-05
55,31,8.84138e-05
55,33,3.99506e-05
55,45,7.636e-05
55,52,8.87183e-05
55,54,0.000187663
55,56,7.49825e-05
55,57,0.00992459
55,59,0.00977411
55,60,0.00023986
55,66,0.00993027
55,73,0.000117069
55,78,0.000700217
55,79,0.230477
55,88,0.000240303
55,89,0.000187712
55,92,0.000716486
55,99,0.00991691
56,3,0.000238478
56,4,8.82431e-05
56,5,7.69805e-05
56,13,0.00977059
56,18,3.51305e-05
56,21,3.97935e-05
56,28,8.82431e-05
56,33,0.000717155
56,41,0.230476
56,44,0.000187317
56,51,7.69804e-05
56,58,0.000717155
56,64,0.0001166
56,65,0.000168484
56,69,0.00992003
56,71,0.00992003
56,73,0.0001166
56,74,0.00977059
56,81,0.000187317
56,92,3.97935e-05
57,7,7.69801e-05
57,9,8.82459e-05
57,11,3.97944e-05
57,15,0.000116606
57,16,8.82459e-05
57,17,0.000187321
57,22,7.698e-05
57,29,0.230475
57,32,0.00991979
57,34,0.00991979
57,35,0.000168486
57,40,0.000116606
57,46,0.00977036
57,48,0.00023848
57,61,0.000717129
57,63,0.000717129
57,67,3.51341e-05
57,94,0.00977036
57,95,0.000187321
57,100,3.97944e-05
58,3,0.00992459
58,4,0.00023985
58,5,0.000187707
58,13,0.000700246
58,14,8.84162e-05
58,18,8.87156e-05
58,21,0.000117066
58,28,0.000718584
58,31,3.92213e-05
58,33,8.83085e-05
58,41,0.00993051
58,44,0.00977411
58,58,0.00991711
58,64,0.000716439
58,65,7.49842e-05
58,68,3.53576e-05
58,69,0.230477
58,71,0.000240302
58,74,0.000187662
58,81,7.63606e-05
58,83,7.69897e-05
58,84,3.99523e-05
58,91,0.000115382
59,2,8.07922e-05
59,5,0.000136735
59,6,8.31017e-05
59,10,0.000719105
59,19,0.00985618
59,21,0.000212236
59,38,0.00985326
59,43,0.000212721
59,44,4.61192e-05
59,64,8.07675e-05
59,72,0.000712841
59,75,0.000137104
59,77,3.58835e-05
59,80,0.229648
59,82,8.31309e-05
59,83,0.000712222
59,84,0.00987496
59,85,0.000106291
60,3,3.91837e-05
60,8,8.89791e-05
60,12,0.000241469
60,20,0.000242068
60,26,7.63819e-05
60,27,8.91281e-05
60,28,0.000115593
60,31,0.00992199
60,36,0.000115704
60,37,8.8923e-05
60,42,3.56183e-05
60,45,0.000123187
60,47,0.000717961
60,52,0.00992189
60,57,0.00992597
60,59,7.63575e-05
60,60,0.230479
60,66,8.86897e-05
60,67,3.93005e-05
60,73,8.84881e-05
60,79,0.000242434
60,88,0.000720015
60,89,0.00070132
60,91,0.00071796
60,92,0.000241897
60,96,8.89464e-05
60,99,0.00993547
60,100,3.56161e-05
61,7,0.000712229
61,8,0.000719071
61,15,0.000212311
61,17,0.000136277
61,20,8.31255e-05
61,24,0.00985336
61,27,0.000212448
61,30,8.31092e-05
61,39,0.00985365
61,45,0.000712273
61,47,0.000106288
61,55,0.229648
61,56,4.65601e-05
61,63,8.07832e-05
61,78,0.000134009
61,88,8.08273e-05
61,94,4.53863e-05
61,96,3.58813e-05
61,100,0.00987465
62,8,0.000717883
62,12,8.89044e-05
62,16,3.93685e-05
62,20,0.00992177
62,24,7.63886e-05
62,27,0.000241723
62,28,3.93665e-05
62,30,0.000115815
62,31,0.00071793
62,45,0.000701194
62,47,8.89096e-05
62,52,0.0002413
62,54,7.62245e-05
62,57,0.23048
62,59,0.000701223
62,60,0.00992157
62,66,0.000242151
62,78,7.62237e-05
62,79,0.0099352
62,88,0.00993497
62,89,7.63899e-05
62,91,0.000115818
62,92,8.84776e-05
62,96,3.55929e-05
62,99,0.000241731
62,100,8.84805e-05
63,7,0.000136738
63,8,8.31057e-05
63,12,3.58851e-05
63,15,8.07685e-05
63,17,4.61181e-05
63,20,0.000719074
63,24,0.229648
63,27,0.00987473
63,39,0.000712172
63,45,0.0098564
63,52,0.000106288
63,55,0.00985236
63,56,0.000137106
63,57,8.31295e-05
63,66,8.07923e-05
63,78,0.00071287
63,88,0.000212719
63,100,0.000212248
64,12,0.000718659
64,18,3.54114e-05
64,20,3.54676e-05
64,25,0.000187774
64,26,0.00977486
64,28,8.84724e-05
64,31,0.00992464
64,33,0.000716568
64,37,8.87613e-05
64,41,3.90052e-05
64,51,7.69565e-05
64,52,8.87768e-05
64,57,8.85701e-05
64,59,7.69348e-05
64,60,0.000240267
64,66,0.000114199
64,70,3.91505e-05
64,71,0.000116322
64,73,0.0099178
64,78,4.29723e-05
64,79,0.000716999
64,89,0.000187802
64,91,0.00024011
64,92,0.230477
64,96,0.000115274
64,99,0.00991867
65,7,7.69574e-05
65,8,0.0099244
65,15,0.00991781
65,16,8.84697e-05
65,20,0.000240284
65,24,0.000187815
65,27,0.00991777
65,29,3.90059e-05
65,30,0.000240115
65,32,0.000116323
65,36,8.87645e-05
65,39,0.000187779
65,42,3.91517e-05
65,45,7.69334e-05
65,47,0.000718633
65,52,8.87843e-05
65,54,4.29721e-05
65,55,0.00977463
65,57,8.85702e-05
65,60,3.54692e-05
65,63,0.000716629
65,66,0.000114199
65,67,3.541e-05
65,88,0.000716958
65,96,0.000115281
65,100,0.230476
66,25,0.000712222
66,26,0.00985326
66,31,8.31017e-05
66,47,3.58835e-05
66,51,0.000136735
66,52,0.000106291
66,54,0.000712842
66,56,0.000137104
66,57,8.31309e-05
66,59,0.00985618
66,60,0.000719105
66,66,8.0792e-05
66,73,8.07674e-05
66,79,0.000212721
66,81,4.61192e-05
66,89,0.229648
66,92,0.000212236
66,99,0.00987496
67,8,8.84167e-05
67,15,0.000117067
67,20,0.000239851
67,24,0.00018771
67,27,0.00991711
67,31,0.000115387
67,45,0.00977389
67,47,3.53594e-05
67,52,8.87178e-05
67,54,0.000700246
67,55,7.69896e-05
67,56,7.49835e-05
67,57,0.00992436
67,59,7.63603e-05
67,60,0.000718557
67,63,3.99525e-05
67,66,0.00993051
67,78,0.000187664
67,79,0.000240302
67,88,0.230477
67,91,3.92221e-05
67,99,8.83106e-05
67,100,0.000716439
68,3,0.00992459
68,4,0.000718584
68,6,3.92213e-05
68,13,0.000187662
68,14,0.000115382
68,18,8.87156e-05
68,25,7.69896e-05
68,28,0.00023985
68,33,0.00991711
68,37,3.53576e-05
68,41,0.00993051
68,44,7.63606e-05
68,51,0.000187707
68,58,8.83085e-05
68,65,7.49842e-05
68,69,0.000240302
68,71,0.230477
68,73,0.000716439
68,74,0.000700246
68,81,0.00977411
68,91,8.84161e-05
68,92,0.000117066
68,99,3.99523e-05
69,2,0.00993051
69,6,0.000115387
69,10,0.000718557
69,11,0.000716439
69,14,3.92221e-05
69,19,7.63606e-05
69,23,8.84167e-05
69,40,0.000117067
69,43,0.000240302
69,50,0.000187664
69,61,3.99525e-05
69,62,0.00018771
69,72,0.000700246
69,75,7.49835e-05
69,77,3.53594e-05
69,82,0.00992436
69,84,8.83106e-05
69,85,8.87178e-05
69,86,0.000239851
69,87,0.00977389
69,90,7.69895e-05
69,93,0.00991711
69,97,0.230477
70,15,3.64393e-05
70,17,7.39526e-05
70,22,0.000712788
70,29,0.00987115
70,32,0.000717595
70,34,0.000211192
70,35,0.00975459
70,46,0.22965
70,48,8.27418e-05
70,61,8.0688e-05
70,63,0.000107354
70,90,4.60516e-05
70,94,0.0001732
70,95,0.0098576
70,98,0.000136252
71,1,3.56744e-05
71,4,0.000114929
71,8,8.91155e-05
71,12,0.230478
71,18,0.000718124
71,20,0.000718574
71,24,4.24429e-05
71,26,0.000122935
71,27,0.000112833
71,28,8.90356e-05
71,30,3.57288e-05
71,31,0.00992638
71,33,3.56572e-05
71,36,8.89886e-05
71,37,0.00992272
71,42,0.000241769
71,47,0.00024193
71,49,8.89735e-05
71,52,0.00992366
71,53,0.000115472
71,57,8.91357e-05
71,58,3.83477e-05
71,60,0.000242501
71,68,8.90133e-05
71,70,0.000717991
71,73,8.91727e-05
71,76,3.91045e-05
71,79,3.57052e-05
71,91,0.000242347
71,92,0.000720169
71,96,0.00992121
71,99,8.91814e-05
72,4,3.91143e-05
72,8,0.000242266
72,9,3.9113e-05
72,12,0.00992211
72,15,3.56347e-05
72,18,0.000115479
72,20,0.00992614
72,24,0.000122985
72,27,0.000720122
72,30,8.89955e-05
72,31,0.000242247
72,36,0.000717988
72,37,0.000718042
72,42,8.89682e-05
72,47,0.00992122
72,49,3.56427e-05
72,52,0.230478
72,57,0.000242829
72,60,0.00992636
72,66,3.56236e-05
72,67,0.000115482
72,70,8.89647e-05
72,73,3.56325e-05
72,79,8.91828e-05
72,88,8.91818e-05
72,89,0.000122987
72,91,8.89921e-05
72,92,8.91667e-05
72,96,0.000241665
72,99,0.000720153
72,100,8.91726e-05
73,1,8.90082e-05
73,7,4.24428e-05
73,8,3.57273e-05
73,9,0.000242506
73,10,0.000114928
73,11,8.91732e-05
73,12,0.000115467
73,16,0.000718574
73,23,0.000242351
73,30,8.91104e-05
73,31,3.91056e-05
73,34,3.57059e-05
73,36,0.000241915
73,40,0.000720138
73,42,8.89716e-05
73,47,8.89868e-05
73,48,8.91372e-05
73,49,0.000241754
73,53,0.230478
73,61,8.91821e-05
73,63,0.000112832
73,67,0.00992366
73,68,3.56729e-05
73,70,0.00992211
73,76,0.00992616
73,77,0.00992272
73,84,3.83474e-05
73,85,0.000718124
73,86,8.90371e-05
73,93,3.56579e-05
73,96,0.000718045
73,98,0.000122933
74,1,8.89247e-05
74,3,0.00992619
74,4,0.230479
74,5,0.000701321
74,6,0.000717906
74,10,0.000115597
74,12,0.000115705
74,14,0.00992109
74,18,0.00992188
74,21,8.84898e-05
74,28,0.000242063
74,33,8.91274e-05
74,37,0.000717961
74,41,8.86891e-05
74,42,8.89514e-05
74,44,7.63572e-05
74,49,3.56198e-05
74,52,3.93008e-05
74,58,0.00993546
74,64,0.000241911
74,68,0.000241483
74,69,0.000242429
74,71,0.000720046
74,73,3.56153e-05
74,81,0.00012319
74,82,3.91826e-05
74,83,7.63828e-05
74,91,8.89776e-05
75,9,8.31211e-05
75,11,0.000212307
75,22,0.00985425
75,23,8.31082e-05
75,34,8.08279e-05
75,35,4.65607e-05
75,40,0.00987465
75,46,0.000134011
75,50,4.53856e-05
75,53,0.000106287
75,61,0.000212436
75,62,0.000712169
75,70,3.5881e-05
75,76,0.000719071
75,87,0.000136276
75,90,0.00985363
75,93,8.07843e-05
75,95,0.00071231
75,98,0.229648
76,1,3.56478e-05
76,9,0.0099235
76,11,0.000241988
76,12,3.92916e-05
76,16,8.90726e-05
76,17,4.25261e-05
76,22,7.6371e-05
76,23,0.00992258
76,30,3.57033e-05
76,32,0.000112971
76,34,8.86191e-05
76,36,8.89681e-05
76,40,0.0099353
76,43,3.8425e-05
76,48,0.000718487
76,49,8.89527e-05
76,53,0.00992167
76,61,0.000242123
76,67,0.000241741
76,70,0.000718011
76,76,0.230479
76,77,0.000241581
76,82,0.000115048
76,85,8.89708e-05
76,86,0.000718039
76,90,7.6376e-05
76,93,8.85251e-05
76,96,0.000115699
76,98,0.000701312
77,1,8.90178e-05
77,8,0.000718581
77,12,0.00992277
77,14,0.000114916
77,16,3.5754e-05
77,18,8.90368e-05
77,20,8.91373e-05
77,26,4.24234e-05
77,28,3.57571e-05
77,30,8.91195e-05
77,31,0.00071854
77,36,0.000242022
77,37,0.000242034
77,40,3.83349e-05
77,42,0.00992272
77,47,0.00992366
77,49,0.000241862
77,52,0.000242192
77,53,0.000718188
77,55,4.24238e-05
77,57,3.58093e-05
77,60,8.91314e-05
77,64,3.83348e-05
77,67,8.9028e-05
77,68,0.000718128
77,70,0.00992273
77,76,0.000114915
77,77,8.90134e-05
77,85,3.57009e-05
77,91,8.91179e-05
77,92,0.000112805
77,96,0.230478
77,100,0.000112807
78,2,0.000212552
78,5,4.62505e-05
78,10,8.30799e-05
78,19,0.229649
78,21,8.07687e-05
78,23,3.59353e-05
78,38,0.000712276
78,43,0.00987506
78,50,7.40577e-05
78,72,0.00986585
78,75,0.000702963
78,80,0.00985319
78,82,0.000719044
78,83,0.000136888
78,84,0.00021214
78,86,0.000106362
78,97,8.27625e-05
79,2,0.000114198
79,9,8.84697e-05
79,10,3.54692e-05
79,11,0.230476
79,22,7.69575e-05
79,23,0.0099244
79,29,3.90059e-05
79,34,0.000116323
79,40,0.00991781
79,42,3.91517e-05
79,49,0.000115281
79,53,8.87645e-05
79,61,0.000716629
79,62,0.000187815
79,67,3.541e-05
79,72,4.29721e-05
79,76,0.000240115
79,77,0.000718633
79,82,8.85702e-05
79,85,8.87843e-05
79,86,0.000240284
79,87,7.69337e-05
79,90,0.00977463
79,93,0.00991777
79,97,0.000716958
79,98,0.000187779
80,5,0.000124895
80,13,0.00982457
80,25,4.22857e-05
80,41,0.000189866
80,44,0.00071103
80,51,0.000124895
80,65,0.228854
80,69,7.64875e-05
80,71,7.64875e-05
80,74,0.00982457
80,81,0.00071103
80,83,4.22857e-05
81,3,8.31296e-05
81,4,0.000719105
81,5,0.229648
81,14,8.31059e-05
81,18,0.000106292
81,19,4.6118e-05
81,21,8.0768e-05
81,37,3.58837e-05
81,38,0.000712172
81,41,8.07919e-05
81,44,0.0098564
81,58,0.00987496
81,64,0.000212247
81,65,0.000137106
81,69,0.000212717
81,74,0.00071287
81,80,0.000136738
81,83,0.00985236
82,11,0.00987465
82,22,0.000712229
82,23,0.000719071
82,40,0.000212311
82,46,4.53863e-05
82,49,3.58813e-05
82,50,0.000134009
82,61,8.07832e-05
82,62,0.00985336
82,75,4.65601e-05
82,76,8.3109e-05
82,77,0.000106288
82,86,8.31255e-05
82,87,0.000712273
82,90,0.229648
82,93,0.000212448
82,95,0.000136277
82,97,8.08275e-05
82,98,0.00985365
83,13,0.000134009
83,25,0.229648
83,26,0.00985365
83,28,8.31258e-05
83,31,8.31091e-05
83,33,0.000212446
83,37,0.000106293
83,42,3.58799e-05
83,51,0.00985336
83,54,4.53862e-05
83,59,0.000136276
83,65,4.65601e-05
83,71,8.08269e-05
83,73,0.00987488
83,81,0.000712273
83,89,0.000712228
83,91,0.000719102
83,92,0.000212309
83,99,8.07827e-05
84,24,0.000712815
84,27,8.06871e-05
84,39,4.60511e-05
84,45,0.00985783
84,54,0.000173199
84,55,0.000136248
84,56,0.00975481
84,57,8.27414e-05
84,59,7.39527e-05
84,66,0.00987115
84,78,0.22965
84,79,0.000717595
84,88,0.000211191
84,92,3.64391e-05
84,99,0.000107354
85,3,8.31295e-05
85,13,0.00071287
85,18,0.000106292
85,25,0.00985236
85,26,0.000712172
85,28,0.000719105
85,33,0.00987496
85,41,8.0792e-05
85,51,0.229648
85,59,4.6118e-05
85,65,0.000137106
85,68,3.58837e-05
85,71,0.000212717
85,73,0.000212247
85,81,0.0098564
85,89,0.000136738
85,91,8.31059e-05
85,92,8.07678e-05
86,1,0.000115705
86,3,0.00992619
86,4,0.000242063
86,12,8.89247e-05
86,14,8.89777e-05
86,18,0.00992188
86,25,7.63826e-05
86,28,0.230479
86,31,0.000717906
86,33,0.00993546
86,37,0.000241483
86,41,8.86891e-05
86,42,8.89514e-05
86,44,0.00012319
86,51,0.000701321
86,57,3.91826e-05
86,58,8.91274e-05
86,60,0.000115597
86,64,3.56153e-05
86,68,0.000717961
86,69,0.000720045
86,71,0.000242429
86,73,0.000241911
86,81,7.63572e-05
86,85,3.93008e-05
86,91,0.00992109
86,92,8.84898e-05
86,96,3.56198e-05
87,1,0.000718009
87,2,8.86897e-05
87,6,8.89751e-05
87,9,0.000115598
87,10,0.000242073
87,11,0.000241912
87,18,3.9299e-05
87,19,0.00012319
87,21,3.56128e-05
87,23,0.00992109
87,40,8.84904e-05
87,43,0.000720046
87,48,3.91828e-05
87,49,8.89489e-05
87,53,8.89275e-05
87,62,0.000701292
87,68,0.000115708
87,70,3.56173e-05
87,76,0.000717906
87,77,0.000241493
87,82,0.00992619
87,84,8.91302e-05
87,85,0.00992168
87,86,0.230479
87,87,7.63566e-05
87,90,7.63822e-05
87,93,0.00993523
87,97,0.00024243
88,1,0.230478
88,4,8.90355e-05
88,6,0.00992638
88,10,0.000242501
88,12,3.56744e-05
88,14,0.000242347
88,18,0.000718124
88,21,0.000720169
88,23,8.91155e-05
88,28,0.000114929
88,30,3.91045e-05
88,33,3.83477e-05
88,36,0.000115472
88,37,8.90133e-05
88,38,0.000122935
88,42,0.000241769
88,43,3.57052e-05
88,49,0.00992121
88,53,8.89886e-05
88,58,3.56572e-05
88,62,4.24429e-05
88,64,8.91726e-05
88,68,0.00992272
88,70,0.000717991
88,76,3.57288e-05
88,77,0.000241929
88,82,8.91357e-05
88,84,8.91814e-05
88,85,0.00992366
88,86,0.000718574
88,93,0.000112833
88,96,8.89735e-05
89,12,0.000106292
89,13,4.53856e-05
89,25,0.00985364
89,26,0.229648
89,31,0.000719102
89,33,8.07838e-05
89,51,0.000712169
89,54,0.00013401
89,56,4.65607e-05
89,59,0.00071231
89,60,8.31212e-05
89,73,0.000212306
89,79,8.08275e-05
89,81,0.000136276
89,89,0.00985425
89,91,8.31083e-05
89,92,0.00987488
89,96,3.58796e-05
89,99,0.000212434
90,1,8.87623e-05
90,2,3.90057e-05
90,3,8.85696e-05
90,4,0.000240283
90,5,0.000187813
90,6,0.000240114
90,10,8.84692e-05
90,13,4.2972e-05
90,14,0.00992464
90,18,8.87818e-05
90,21,0.00991781
90,28,3.54675e-05
90,38,0.000187776
90,41,0.000114198
90,42,0.000115275
90,43,0.000116322
90,44,7.69334e-05
90,58,0.00991777
90,64,0.230476
90,68,0.000718659
90,69,0.000716958
90,80,7.69575e-05
90,83,0.00977486
90,84,0.000716629
90,85,3.54082e-05
90,96,3.91509e-05
91,8,0.000240029
91,12,0.000115286
91,15,0.00071645
91,20,0.00992444
91,24,0.00977446
91,27,0.230477
91,30,8.84317e-05
91,32,3.97716e-05
91,36,3.53826e-05
91,37,3.91578e-05
91,39,7.69703e-05
91,45,0.000187857
91,47,8.87598e-05
91,52,0.000718631
91,54,0.000124322
91,55,0.000187764
91,57,0.000240598
91,60,8.87875e-05
91,63,0.000116867
91,66,0.000718529
91,78,7.67862e-05
91,79,8.86313e-05
91,88,0.00992133
91,99,3.53895e-05
91,100,0.00991636
92,9,0.230479
92,11,8.84887e-05
92,15,3.56136e-05
92,16,0.000242078
92,17,0.000123188
92,22,0.000701292
92,23,0.00071796
92,29,8.86903e-05
92,30,8.89766e-05
92,32,0.000720015
92,34,0.000242435
92,36,0.000718008
92,40,0.000241898
92,47,0.000115707
92,48,0.00992597
92,49,3.56157e-05
92,52,3.92987e-05
92,53,0.000241479
92,61,0.00993523
92,63,8.91309e-05
92,67,0.00992169
92,70,8.89439e-05
92,76,0.00992198
92,77,8.89258e-05
92,82,3.91839e-05
92,86,0.000115593
92,95,7.6357e-05
92,98,7.63813e-05
93,1,0.000241575
93,3,0.000718446
93,4,0.00992261
93,5,7.63726e-05
93,6,0.00992259
93,10,0.0007181
93,14,0.230479
93,18,0.000241746
93,21,0.000241991
93,28,8.90693e-05
93,37,8.89759e-05
93,38,7.63767e-05
93,42,0.000717964
93,47,3.92937e-05
93,49,8.89562e-05
93,58,0.000242138
93,64,0.00993553
93,68,0.00992187
93,69,8.8618e-05
93,71,0.000112969
93,77,3.56471e-05
93,81,4.25257e-05
93,82,0.000115048
93,83,0.000701342
93,84,8.85213e-05
93,85,8.89646e-05
93,91,3.57057e-05
93,96,0.000115697
93,97,3.84253e-05
94,1,0.000115467
94,6,3.91056e-05
94,8,0.000242351
94,9,0.000718574
94,12,8.90082e-05
94,15,0.000720138
94,16,0.000242506
94,20,8.90371e-05
94,22,4.24428e-05
94,23,3.57273e-05
94,27,3.56579e-05
94,30,0.00992616
94,32,3.57059e-05
94,36,0.230478
94,37,3.56729e-05
94,39,0.000122933
94,42,8.89718e-05
94,47,0.00992272
94,48,8.91373e-05
94,49,0.000718045
94,52,0.000718124
94,53,0.000241915
94,60,0.000114928
94,61,0.000112832
94,63,8.91821e-05
94,67,0.00992366
94,70,0.00992211
94,76,8.91104e-05
94,77,8.89868e-05
94,96,0.000241754
94,99,3.83474e-05
94,100,8.91732e-05
95,1,0.00992277
95,4,3.57571e-05
95,6,0.00071854
95,9,3.5754e-05
95,10,8.91315e-05
95,11,0.000112807
95,12,8.90178e-05
95,14,8.91179e-05
95,15,3.83349e-05
95,18,8.90368e-05
95,21,0.000112805
95,23,0.000718581
95,30,0.000114915
95,36,0.000718188
95,37,0.000718128
95,38,4.24234e-05
95,42,0.00992272
95,47,8.90134e-05
95,49,0.230478
95,52,3.57009e-05
95,53,0.000242022
95,67,8.9028e-05
95,68,0.000242034
95,70,0.00992273
95,73,3.83348e-05
95,76,8.91194e-05
95,77,0.00992366
95,82,3.58093e-05
95,85,0.000242192
95,86,8.91373e-05
95,90,4.24238e-05
95,91,0.000114916
95,96,0.000241862
96,8,3.92222e-05
96,9,0.00023986
96,11,0.00011707
96,16,0.000718557
96,17,7.636e-05
96,22,0.000187715
96,29,0.00993027
96,30,0.000115388
96,32,0.000240303
96,34,0.230477
96,35,7.49819e-05
96,40,0.000716486
96,46,0.000187665
96,48,0.00992435
96,53,3.53569e-05
96,61,0.00991691
96,63,8.83113e-05
96,67,8.87206e-05
96,76,8.84144e-05
96,93,3.99508e-05
96,94,0.000700218
96,95,0.00977389
96,98,7.69909e-05
97,2,0.00987115
97,19,7.39527e-05
97,21,3.64391e-05
97,43,0.000717595
97,50,0.22965
97,62,0.000712815
97,72,0.000173199
97,75,0.00975481
97,82,8.27414e-05
97,84,0.000107354
97,87,0.00985783
97,90,0.000136248
97,93,8.06871e-05
97,97,0.000211191
97,98,4.60511e-05
98,25,4.60516e-05
98,26,0.000136252
98,27,0.000107359
98,45,7.39536e-05
98,54,0.22965
98,56,0.00975458
98,57,8.27418e-05
98,59,0.0098576
98,66,0.00987138
98,78,0.000173199
98,79,0.00021119
98,88,0.000717626
98,89,0.000712788
98,99,8.06875e-05
98,100,3.64379e-05
99,8,3.59353e-05
99,20,0.000106362
99,25,0.000136888
99,26,0.000712276
99,51,4.62505e-05
99,54,0.00986585
99,56,0.000702963
99,57,0.000719044
99,59,0.229649
99,60,8.30799e-05
99,66,0.000212552
99,78,7.40576e-05
99,79,0.00987506
99,88,8.27627e-05
99,89,0.00985319
99,92,8.07685e-05
99,99,0.000212141
100,2,3.90054e-05
100,9,0.000240268
100,11,0.00991779
100,16,3.54694e-05
100,22,0.000187805
100,23,0.000240111
100,29,0.0001142
100,34,0.000716999
100,40,0.230477
100,48,8.85707e-05
100,53,0.000718633
100,61,0.00991866
100,62,7.69563e-05
100,67,8.8779e-05
100,70,0.000115279
100,76,0.00992441
100,77,8.87635e-05
100,85,3.54132e-05
100,86,8.8473e-05
100,90,0.000187777
100,93,0.000716568
100,94,4.29724e-05
100,95,7.69346e-05
100,96,3.91514e-05
100,97,0.000116322
100,98,0.00977463
